name,image_id,url
Trametes versicolor,26919,https://mushroomobserver.org/image/show_image/26919
Trametes versicolor,60051,https://mushroomobserver.org/image/show_image/60051
Trametes versicolor,139551,https://mushroomobserver.org/image/show_image/139551
Trametes versicolor,198734,https://mushroomobserver.org/image/show_image/198734
Trametes versicolor,394761,https://mushroomobserver.org/image/show_image/394761
Trametes versicolor,571514,https://mushroomobserver.org/image/show_image/571514
Trametes versicolor,572821,https://mushroomobserver.org/image/show_image/572821
Trametes versicolor,599404,https://mushroomobserver.org/image/show_image/599404
Trametes versicolor,605984,https://mushroomobserver.org/image/show_image/605984
Trametes versicolor,618976,https://mushroomobserver.org/image/show_image/618976
Trametes versicolor,700392,https://mushroomobserver.org/image/show_image/700392
Trametes versicolor,721292,https://mushroomobserver.org/image/show_image/721292
Trametes versicolor,727285,https://mushroomobserver.org/image/show_image/727285
Trametes versicolor,819897,https://mushroomobserver.org/image/show_image/819897
Trametes versicolor,904588,https://mushroomobserver.org/image/show_image/904588
Trametes versicolor,970896,https://mushroomobserver.org/image/show_image/970896
Trametes versicolor,1021916,https://mushroomobserver.org/image/show_image/1021916
Trametes versicolor,1136705,https://mushroomobserver.org/image/show_image/1136705
Trametes versicolor,1158023,https://mushroomobserver.org/image/show_image/1158023
Trametes versicolor,1287597,https://mushroomobserver.org/image/show_image/1287597
Trametes versicolor,380693,https://mushroomobserver.org/image/show_image/380693
Trametes versicolor,151564,https://mushroomobserver.org/image/show_image/151564
Trametes versicolor,278311,https://mushroomobserver.org/image/show_image/278311
Trametes versicolor,309730,https://mushroomobserver.org/image/show_image/309730
Trametes versicolor,683346,https://mushroomobserver.org/image/show_image/683346
Trametes versicolor,686827,https://mushroomobserver.org/image/show_image/686827
Trametes versicolor,724211,https://mushroomobserver.org/image/show_image/724211
Trametes versicolor,961408,https://mushroomobserver.org/image/show_image/961408
Trametes versicolor,1014324,https://mushroomobserver.org/image/show_image/1014324
Trametes versicolor,12456,https://mushroomobserver.org/image/show_image/12456
Pleurotus ostreatus,145179,https://mushroomobserver.org/image/show_image/145179
Pleurotus ostreatus,512236,https://mushroomobserver.org/image/show_image/512236
Pleurotus ostreatus,1289358,https://mushroomobserver.org/image/show_image/1289358
Pleurotus ostreatus,80035,https://mushroomobserver.org/image/show_image/80035
Pleurotus ostreatus,382141,https://mushroomobserver.org/image/show_image/382141
Pleurotus ostreatus,407360,https://mushroomobserver.org/image/show_image/407360
Pleurotus ostreatus,28062,https://mushroomobserver.org/image/show_image/28062
Pleurotus ostreatus,31700,https://mushroomobserver.org/image/show_image/31700
Pleurotus ostreatus,32913,https://mushroomobserver.org/image/show_image/32913
Pleurotus ostreatus,118803,https://mushroomobserver.org/image/show_image/118803
Pleurotus ostreatus,120136,https://mushroomobserver.org/image/show_image/120136
Pleurotus ostreatus,122398,https://mushroomobserver.org/image/show_image/122398
Pleurotus ostreatus,132930,https://mushroomobserver.org/image/show_image/132930
Pleurotus ostreatus,144945,https://mushroomobserver.org/image/show_image/144945
Pleurotus ostreatus,149022,https://mushroomobserver.org/image/show_image/149022
Pleurotus ostreatus,186538,https://mushroomobserver.org/image/show_image/186538
Pleurotus ostreatus,191699,https://mushroomobserver.org/image/show_image/191699
Pleurotus ostreatus,278177,https://mushroomobserver.org/image/show_image/278177
Pleurotus ostreatus,280368,https://mushroomobserver.org/image/show_image/280368
Pleurotus ostreatus,374973,https://mushroomobserver.org/image/show_image/374973
Pleurotus ostreatus,403814,https://mushroomobserver.org/image/show_image/403814
Pleurotus ostreatus,488147,https://mushroomobserver.org/image/show_image/488147
Pleurotus ostreatus,576233,https://mushroomobserver.org/image/show_image/576233
Pleurotus ostreatus,577710,https://mushroomobserver.org/image/show_image/577710
Pleurotus ostreatus,584849,https://mushroomobserver.org/image/show_image/584849
Pleurotus ostreatus,617612,https://mushroomobserver.org/image/show_image/617612
Pleurotus ostreatus,687512,https://mushroomobserver.org/image/show_image/687512
Pleurotus ostreatus,707856,https://mushroomobserver.org/image/show_image/707856
Pleurotus ostreatus,716250,https://mushroomobserver.org/image/show_image/716250
Pleurotus ostreatus,1149304,https://mushroomobserver.org/image/show_image/1149304
Hypholoma fasciculare,178712,https://mushroomobserver.org/image/show_image/178712
Hypholoma fasciculare,311244,https://mushroomobserver.org/image/show_image/311244
Hypholoma fasciculare,357597,https://mushroomobserver.org/image/show_image/357597
Hypholoma fasciculare,614348,https://mushroomobserver.org/image/show_image/614348
Hypholoma fasciculare,847836,https://mushroomobserver.org/image/show_image/847836
Hypholoma fasciculare,1276318,https://mushroomobserver.org/image/show_image/1276318
Hypholoma fasciculare,177958,https://mushroomobserver.org/image/show_image/177958
Hypholoma fasciculare,383925,https://mushroomobserver.org/image/show_image/383925
Hypholoma fasciculare,694403,https://mushroomobserver.org/image/show_image/694403
Hypholoma fasciculare,869949,https://mushroomobserver.org/image/show_image/869949
Hypholoma fasciculare,945,https://mushroomobserver.org/image/show_image/945
Hypholoma fasciculare,2025,https://mushroomobserver.org/image/show_image/2025
Hypholoma fasciculare,7539,https://mushroomobserver.org/image/show_image/7539
Hypholoma fasciculare,12195,https://mushroomobserver.org/image/show_image/12195
Hypholoma fasciculare,35937,https://mushroomobserver.org/image/show_image/35937
Hypholoma fasciculare,48021,https://mushroomobserver.org/image/show_image/48021
Hypholoma fasciculare,71846,https://mushroomobserver.org/image/show_image/71846
Hypholoma fasciculare,123446,https://mushroomobserver.org/image/show_image/123446
Hypholoma fasciculare,127682,https://mushroomobserver.org/image/show_image/127682
Hypholoma fasciculare,173336,https://mushroomobserver.org/image/show_image/173336
Hypholoma fasciculare,179213,https://mushroomobserver.org/image/show_image/179213
Hypholoma fasciculare,278707,https://mushroomobserver.org/image/show_image/278707
Hypholoma fasciculare,372650,https://mushroomobserver.org/image/show_image/372650
Hypholoma fasciculare,552109,https://mushroomobserver.org/image/show_image/552109
Hypholoma fasciculare,583340,https://mushroomobserver.org/image/show_image/583340
Hypholoma fasciculare,587891,https://mushroomobserver.org/image/show_image/587891
Hypholoma fasciculare,801276,https://mushroomobserver.org/image/show_image/801276
Hypholoma fasciculare,809817,https://mushroomobserver.org/image/show_image/809817
Hypholoma fasciculare,830512,https://mushroomobserver.org/image/show_image/830512
Hypholoma fasciculare,831944,https://mushroomobserver.org/image/show_image/831944
Schizophyllum commune,149458,https://mushroomobserver.org/image/show_image/149458
Schizophyllum commune,190106,https://mushroomobserver.org/image/show_image/190106
Schizophyllum commune,206833,https://mushroomobserver.org/image/show_image/206833
Schizophyllum commune,299074,https://mushroomobserver.org/image/show_image/299074
Schizophyllum commune,304744,https://mushroomobserver.org/image/show_image/304744
Schizophyllum commune,580235,https://mushroomobserver.org/image/show_image/580235
Schizophyllum commune,603090,https://mushroomobserver.org/image/show_image/603090
Schizophyllum commune,603667,https://mushroomobserver.org/image/show_image/603667
Schizophyllum commune,609226,https://mushroomobserver.org/image/show_image/609226
Schizophyllum commune,631667,https://mushroomobserver.org/image/show_image/631667
Schizophyllum commune,634872,https://mushroomobserver.org/image/show_image/634872
Schizophyllum commune,670747,https://mushroomobserver.org/image/show_image/670747
Schizophyllum commune,717003,https://mushroomobserver.org/image/show_image/717003
Schizophyllum commune,721622,https://mushroomobserver.org/image/show_image/721622
Schizophyllum commune,740057,https://mushroomobserver.org/image/show_image/740057
Schizophyllum commune,787099,https://mushroomobserver.org/image/show_image/787099
Schizophyllum commune,815451,https://mushroomobserver.org/image/show_image/815451
Schizophyllum commune,828639,https://mushroomobserver.org/image/show_image/828639
Schizophyllum commune,851736,https://mushroomobserver.org/image/show_image/851736
Schizophyllum commune,862959,https://mushroomobserver.org/image/show_image/862959
Schizophyllum commune,871405,https://mushroomobserver.org/image/show_image/871405
Schizophyllum commune,894737,https://mushroomobserver.org/image/show_image/894737
Schizophyllum commune,980308,https://mushroomobserver.org/image/show_image/980308
Schizophyllum commune,1029809,https://mushroomobserver.org/image/show_image/1029809
Schizophyllum commune,1041469,https://mushroomobserver.org/image/show_image/1041469
Schizophyllum commune,1047636,https://mushroomobserver.org/image/show_image/1047636
Schizophyllum commune,1068810,https://mushroomobserver.org/image/show_image/1068810
Schizophyllum commune,1151512,https://mushroomobserver.org/image/show_image/1151512
Schizophyllum commune,1152084,https://mushroomobserver.org/image/show_image/1152084
Schizophyllum commune,1311968,https://mushroomobserver.org/image/show_image/1311968
Galerina marginata,117254,https://mushroomobserver.org/image/show_image/117254
Galerina marginata,123297,https://mushroomobserver.org/image/show_image/123297
Galerina marginata,210933,https://mushroomobserver.org/image/show_image/210933
Galerina marginata,274501,https://mushroomobserver.org/image/show_image/274501
Galerina marginata,473775,https://mushroomobserver.org/image/show_image/473775
Galerina marginata,582664,https://mushroomobserver.org/image/show_image/582664
Galerina marginata,687943,https://mushroomobserver.org/image/show_image/687943
Galerina marginata,991730,https://mushroomobserver.org/image/show_image/991730
Galerina marginata,994540,https://mushroomobserver.org/image/show_image/994540
Galerina marginata,1139229,https://mushroomobserver.org/image/show_image/1139229
Galerina marginata,1140458,https://mushroomobserver.org/image/show_image/1140458
Galerina marginata,1265339,https://mushroomobserver.org/image/show_image/1265339
Galerina marginata,834840,https://mushroomobserver.org/image/show_image/834840
Galerina marginata,9001,https://mushroomobserver.org/image/show_image/9001
Galerina marginata,274829,https://mushroomobserver.org/image/show_image/274829
Galerina marginata,802701,https://mushroomobserver.org/image/show_image/802701
Galerina marginata,867078,https://mushroomobserver.org/image/show_image/867078
Galerina marginata,138269,https://mushroomobserver.org/image/show_image/138269
Galerina marginata,201523,https://mushroomobserver.org/image/show_image/201523
Galerina marginata,26962,https://mushroomobserver.org/image/show_image/26962
Galerina marginata,27351,https://mushroomobserver.org/image/show_image/27351
Galerina marginata,27991,https://mushroomobserver.org/image/show_image/27991
Galerina marginata,29666,https://mushroomobserver.org/image/show_image/29666
Galerina marginata,33342,https://mushroomobserver.org/image/show_image/33342
Galerina marginata,34218,https://mushroomobserver.org/image/show_image/34218
Galerina marginata,61108,https://mushroomobserver.org/image/show_image/61108
Galerina marginata,63556,https://mushroomobserver.org/image/show_image/63556
Galerina marginata,63678,https://mushroomobserver.org/image/show_image/63678
Galerina marginata,65049,https://mushroomobserver.org/image/show_image/65049
Galerina marginata,87510,https://mushroomobserver.org/image/show_image/87510
Lycoperdon perlatum,78467,https://mushroomobserver.org/image/show_image/78467
Lycoperdon perlatum,173339,https://mushroomobserver.org/image/show_image/173339
Lycoperdon perlatum,375129,https://mushroomobserver.org/image/show_image/375129
Lycoperdon perlatum,424811,https://mushroomobserver.org/image/show_image/424811
Lycoperdon perlatum,589122,https://mushroomobserver.org/image/show_image/589122
Lycoperdon perlatum,799849,https://mushroomobserver.org/image/show_image/799849
Lycoperdon perlatum,1087126,https://mushroomobserver.org/image/show_image/1087126
Lycoperdon perlatum,1126921,https://mushroomobserver.org/image/show_image/1126921
Lycoperdon perlatum,1128165,https://mushroomobserver.org/image/show_image/1128165
Lycoperdon perlatum,1197423,https://mushroomobserver.org/image/show_image/1197423
Lycoperdon perlatum,1298359,https://mushroomobserver.org/image/show_image/1298359
Lycoperdon perlatum,113582,https://mushroomobserver.org/image/show_image/113582
Lycoperdon perlatum,112430,https://mushroomobserver.org/image/show_image/112430
Lycoperdon perlatum,713447,https://mushroomobserver.org/image/show_image/713447
Lycoperdon perlatum,168998,https://mushroomobserver.org/image/show_image/168998
Lycoperdon perlatum,255469,https://mushroomobserver.org/image/show_image/255469
Lycoperdon perlatum,562008,https://mushroomobserver.org/image/show_image/562008
Lycoperdon perlatum,16002,https://mushroomobserver.org/image/show_image/16002
Lycoperdon perlatum,53260,https://mushroomobserver.org/image/show_image/53260
Lycoperdon perlatum,122642,https://mushroomobserver.org/image/show_image/122642
Lycoperdon perlatum,1255,https://mushroomobserver.org/image/show_image/1255
Lycoperdon perlatum,1404,https://mushroomobserver.org/image/show_image/1404
Lycoperdon perlatum,5781,https://mushroomobserver.org/image/show_image/5781
Lycoperdon perlatum,16721,https://mushroomobserver.org/image/show_image/16721
Lycoperdon perlatum,51766,https://mushroomobserver.org/image/show_image/51766
Lycoperdon perlatum,63391,https://mushroomobserver.org/image/show_image/63391
Lycoperdon perlatum,64509,https://mushroomobserver.org/image/show_image/64509
Lycoperdon perlatum,87176,https://mushroomobserver.org/image/show_image/87176
Lycoperdon perlatum,102356,https://mushroomobserver.org/image/show_image/102356
Lycoperdon perlatum,105379,https://mushroomobserver.org/image/show_image/105379
Phaeolus schweinitzii,19305,https://mushroomobserver.org/image/show_image/19305
Phaeolus schweinitzii,453959,https://mushroomobserver.org/image/show_image/453959
Phaeolus schweinitzii,567245,https://mushroomobserver.org/image/show_image/567245
Phaeolus schweinitzii,650773,https://mushroomobserver.org/image/show_image/650773
Phaeolus schweinitzii,759818,https://mushroomobserver.org/image/show_image/759818
Phaeolus schweinitzii,823966,https://mushroomobserver.org/image/show_image/823966
Phaeolus schweinitzii,879630,https://mushroomobserver.org/image/show_image/879630
Phaeolus schweinitzii,252919,https://mushroomobserver.org/image/show_image/252919
Phaeolus schweinitzii,707119,https://mushroomobserver.org/image/show_image/707119
Phaeolus schweinitzii,140747,https://mushroomobserver.org/image/show_image/140747
Phaeolus schweinitzii,173871,https://mushroomobserver.org/image/show_image/173871
Phaeolus schweinitzii,359052,https://mushroomobserver.org/image/show_image/359052
Phaeolus schweinitzii,23115,https://mushroomobserver.org/image/show_image/23115
Phaeolus schweinitzii,64549,https://mushroomobserver.org/image/show_image/64549
Phaeolus schweinitzii,110389,https://mushroomobserver.org/image/show_image/110389
Phaeolus schweinitzii,172214,https://mushroomobserver.org/image/show_image/172214
Phaeolus schweinitzii,192666,https://mushroomobserver.org/image/show_image/192666
Phaeolus schweinitzii,240378,https://mushroomobserver.org/image/show_image/240378
Phaeolus schweinitzii,249167,https://mushroomobserver.org/image/show_image/249167
Phaeolus schweinitzii,269681,https://mushroomobserver.org/image/show_image/269681
Phaeolus schweinitzii,298877,https://mushroomobserver.org/image/show_image/298877
Phaeolus schweinitzii,358084,https://mushroomobserver.org/image/show_image/358084
Phaeolus schweinitzii,358898,https://mushroomobserver.org/image/show_image/358898
Phaeolus schweinitzii,360934,https://mushroomobserver.org/image/show_image/360934
Phaeolus schweinitzii,535674,https://mushroomobserver.org/image/show_image/535674
Phaeolus schweinitzii,543226,https://mushroomobserver.org/image/show_image/543226
Phaeolus schweinitzii,558957,https://mushroomobserver.org/image/show_image/558957
Phaeolus schweinitzii,585462,https://mushroomobserver.org/image/show_image/585462
Phaeolus schweinitzii,650318,https://mushroomobserver.org/image/show_image/650318
Phaeolus schweinitzii,685689,https://mushroomobserver.org/image/show_image/685689
Coprinus comatus,4174,https://mushroomobserver.org/image/show_image/4174
Coprinus comatus,107229,https://mushroomobserver.org/image/show_image/107229
Coprinus comatus,110333,https://mushroomobserver.org/image/show_image/110333
Coprinus comatus,177733,https://mushroomobserver.org/image/show_image/177733
Coprinus comatus,189320,https://mushroomobserver.org/image/show_image/189320
Coprinus comatus,278830,https://mushroomobserver.org/image/show_image/278830
Coprinus comatus,278874,https://mushroomobserver.org/image/show_image/278874
Coprinus comatus,320142,https://mushroomobserver.org/image/show_image/320142
Coprinus comatus,337998,https://mushroomobserver.org/image/show_image/337998
Coprinus comatus,374645,https://mushroomobserver.org/image/show_image/374645
Coprinus comatus,376772,https://mushroomobserver.org/image/show_image/376772
Coprinus comatus,382244,https://mushroomobserver.org/image/show_image/382244
Coprinus comatus,565802,https://mushroomobserver.org/image/show_image/565802
Coprinus comatus,566316,https://mushroomobserver.org/image/show_image/566316
Coprinus comatus,795801,https://mushroomobserver.org/image/show_image/795801
Coprinus comatus,821208,https://mushroomobserver.org/image/show_image/821208
Coprinus comatus,949522,https://mushroomobserver.org/image/show_image/949522
Coprinus comatus,991007,https://mushroomobserver.org/image/show_image/991007
Coprinus comatus,1257244,https://mushroomobserver.org/image/show_image/1257244
Coprinus comatus,120602,https://mushroomobserver.org/image/show_image/120602
Coprinus comatus,4259,https://mushroomobserver.org/image/show_image/4259
Coprinus comatus,33249,https://mushroomobserver.org/image/show_image/33249
Coprinus comatus,171020,https://mushroomobserver.org/image/show_image/171020
Coprinus comatus,141840,https://mushroomobserver.org/image/show_image/141840
Coprinus comatus,362880,https://mushroomobserver.org/image/show_image/362880
Coprinus comatus,488944,https://mushroomobserver.org/image/show_image/488944
Coprinus comatus,489860,https://mushroomobserver.org/image/show_image/489860
Coprinus comatus,511752,https://mushroomobserver.org/image/show_image/511752
Coprinus comatus,541738,https://mushroomobserver.org/image/show_image/541738
Coprinus comatus,132988,https://mushroomobserver.org/image/show_image/132988
Amanita muscaria var. guessowii,112788,https://mushroomobserver.org/image/show_image/112788
Amanita muscaria var. guessowii,376247,https://mushroomobserver.org/image/show_image/376247
Amanita muscaria var. guessowii,666341,https://mushroomobserver.org/image/show_image/666341
Amanita muscaria var. guessowii,679980,https://mushroomobserver.org/image/show_image/679980
Amanita muscaria var. guessowii,744544,https://mushroomobserver.org/image/show_image/744544
Amanita muscaria var. guessowii,879403,https://mushroomobserver.org/image/show_image/879403
Amanita muscaria var. guessowii,949685,https://mushroomobserver.org/image/show_image/949685
Amanita muscaria var. guessowii,1240835,https://mushroomobserver.org/image/show_image/1240835
Amanita muscaria var. guessowii,1278054,https://mushroomobserver.org/image/show_image/1278054
Amanita muscaria var. guessowii,175147,https://mushroomobserver.org/image/show_image/175147
Amanita muscaria var. guessowii,266161,https://mushroomobserver.org/image/show_image/266161
Amanita muscaria var. guessowii,108515,https://mushroomobserver.org/image/show_image/108515
Amanita muscaria var. guessowii,953554,https://mushroomobserver.org/image/show_image/953554
Amanita muscaria var. guessowii,170114,https://mushroomobserver.org/image/show_image/170114
Amanita muscaria var. guessowii,665104,https://mushroomobserver.org/image/show_image/665104
Amanita muscaria var. guessowii,672979,https://mushroomobserver.org/image/show_image/672979
Amanita muscaria var. guessowii,560569,https://mushroomobserver.org/image/show_image/560569
Amanita muscaria var. guessowii,111038,https://mushroomobserver.org/image/show_image/111038
Amanita muscaria var. guessowii,199147,https://mushroomobserver.org/image/show_image/199147
Amanita muscaria var. guessowii,266090,https://mushroomobserver.org/image/show_image/266090
Amanita muscaria var. guessowii,562467,https://mushroomobserver.org/image/show_image/562467
Amanita muscaria var. guessowii,680845,https://mushroomobserver.org/image/show_image/680845
Amanita muscaria var. guessowii,395869,https://mushroomobserver.org/image/show_image/395869
Amanita muscaria var. guessowii,56022,https://mushroomobserver.org/image/show_image/56022
Amanita muscaria var. guessowii,271511,https://mushroomobserver.org/image/show_image/271511
Amanita muscaria var. guessowii,89382,https://mushroomobserver.org/image/show_image/89382
Amanita muscaria var. guessowii,112565,https://mushroomobserver.org/image/show_image/112565
Amanita muscaria var. guessowii,112900,https://mushroomobserver.org/image/show_image/112900
Amanita muscaria var. guessowii,167898,https://mushroomobserver.org/image/show_image/167898
Amanita muscaria var. guessowii,167972,https://mushroomobserver.org/image/show_image/167972
Ganoderma applanatum,321505,https://mushroomobserver.org/image/show_image/321505
Ganoderma applanatum,509951,https://mushroomobserver.org/image/show_image/509951
Ganoderma applanatum,514082,https://mushroomobserver.org/image/show_image/514082
Ganoderma applanatum,783030,https://mushroomobserver.org/image/show_image/783030
Ganoderma applanatum,804536,https://mushroomobserver.org/image/show_image/804536
Ganoderma applanatum,902276,https://mushroomobserver.org/image/show_image/902276
Ganoderma applanatum,430,https://mushroomobserver.org/image/show_image/430
Ganoderma applanatum,217207,https://mushroomobserver.org/image/show_image/217207
Ganoderma applanatum,432999,https://mushroomobserver.org/image/show_image/432999
Ganoderma applanatum,151055,https://mushroomobserver.org/image/show_image/151055
Ganoderma applanatum,173610,https://mushroomobserver.org/image/show_image/173610
Ganoderma applanatum,221687,https://mushroomobserver.org/image/show_image/221687
Ganoderma applanatum,285418,https://mushroomobserver.org/image/show_image/285418
Ganoderma applanatum,330218,https://mushroomobserver.org/image/show_image/330218
Ganoderma applanatum,354099,https://mushroomobserver.org/image/show_image/354099
Ganoderma applanatum,633105,https://mushroomobserver.org/image/show_image/633105
Ganoderma applanatum,731466,https://mushroomobserver.org/image/show_image/731466
Ganoderma applanatum,731470,https://mushroomobserver.org/image/show_image/731470
Ganoderma applanatum,818495,https://mushroomobserver.org/image/show_image/818495
Ganoderma applanatum,916467,https://mushroomobserver.org/image/show_image/916467
Ganoderma applanatum,1010553,https://mushroomobserver.org/image/show_image/1010553
Ganoderma applanatum,1024470,https://mushroomobserver.org/image/show_image/1024470
Ganoderma applanatum,1027178,https://mushroomobserver.org/image/show_image/1027178
Ganoderma applanatum,1086990,https://mushroomobserver.org/image/show_image/1086990
Ganoderma applanatum,1149414,https://mushroomobserver.org/image/show_image/1149414
Ganoderma applanatum,1251911,https://mushroomobserver.org/image/show_image/1251911
Ganoderma applanatum,314118,https://mushroomobserver.org/image/show_image/314118
Ganoderma applanatum,651243,https://mushroomobserver.org/image/show_image/651243
Ganoderma applanatum,896654,https://mushroomobserver.org/image/show_image/896654
Ganoderma applanatum,359515,https://mushroomobserver.org/image/show_image/359515
Trichaptum biforme,292607,https://mushroomobserver.org/image/show_image/292607
Trichaptum biforme,465548,https://mushroomobserver.org/image/show_image/465548
Trichaptum biforme,707023,https://mushroomobserver.org/image/show_image/707023
Trichaptum biforme,259524,https://mushroomobserver.org/image/show_image/259524
Trichaptum biforme,24657,https://mushroomobserver.org/image/show_image/24657
Trichaptum biforme,54785,https://mushroomobserver.org/image/show_image/54785
Trichaptum biforme,56393,https://mushroomobserver.org/image/show_image/56393
Trichaptum biforme,259901,https://mushroomobserver.org/image/show_image/259901
Trichaptum biforme,266230,https://mushroomobserver.org/image/show_image/266230
Trichaptum biforme,267885,https://mushroomobserver.org/image/show_image/267885
Trichaptum biforme,292604,https://mushroomobserver.org/image/show_image/292604
Trichaptum biforme,295171,https://mushroomobserver.org/image/show_image/295171
Trichaptum biforme,351345,https://mushroomobserver.org/image/show_image/351345
Trichaptum biforme,487647,https://mushroomobserver.org/image/show_image/487647
Trichaptum biforme,556534,https://mushroomobserver.org/image/show_image/556534
Trichaptum biforme,623521,https://mushroomobserver.org/image/show_image/623521
Trichaptum biforme,630474,https://mushroomobserver.org/image/show_image/630474
Trichaptum biforme,687612,https://mushroomobserver.org/image/show_image/687612
Trichaptum biforme,768955,https://mushroomobserver.org/image/show_image/768955
Trichaptum biforme,786667,https://mushroomobserver.org/image/show_image/786667
Trichaptum biforme,809295,https://mushroomobserver.org/image/show_image/809295
Trichaptum biforme,871407,https://mushroomobserver.org/image/show_image/871407
Trichaptum biforme,888844,https://mushroomobserver.org/image/show_image/888844
Trichaptum biforme,1023890,https://mushroomobserver.org/image/show_image/1023890
Trichaptum biforme,1049389,https://mushroomobserver.org/image/show_image/1049389
Trichaptum biforme,58623,https://mushroomobserver.org/image/show_image/58623
Trichaptum biforme,199255,https://mushroomobserver.org/image/show_image/199255
Trichaptum biforme,362404,https://mushroomobserver.org/image/show_image/362404
Trichaptum biforme,139989,https://mushroomobserver.org/image/show_image/139989
Trichaptum biforme,147773,https://mushroomobserver.org/image/show_image/147773
Laetiporus sulphureus,202647,https://mushroomobserver.org/image/show_image/202647
Laetiporus sulphureus,154085,https://mushroomobserver.org/image/show_image/154085
Laetiporus sulphureus,266673,https://mushroomobserver.org/image/show_image/266673
Laetiporus sulphureus,374267,https://mushroomobserver.org/image/show_image/374267
Laetiporus sulphureus,387622,https://mushroomobserver.org/image/show_image/387622
Laetiporus sulphureus,657222,https://mushroomobserver.org/image/show_image/657222
Laetiporus sulphureus,676269,https://mushroomobserver.org/image/show_image/676269
Laetiporus sulphureus,701821,https://mushroomobserver.org/image/show_image/701821
Laetiporus sulphureus,740858,https://mushroomobserver.org/image/show_image/740858
Laetiporus sulphureus,790492,https://mushroomobserver.org/image/show_image/790492
Laetiporus sulphureus,926750,https://mushroomobserver.org/image/show_image/926750
Laetiporus sulphureus,419509,https://mushroomobserver.org/image/show_image/419509
Laetiporus sulphureus,342825,https://mushroomobserver.org/image/show_image/342825
Laetiporus sulphureus,6401,https://mushroomobserver.org/image/show_image/6401
Laetiporus sulphureus,18259,https://mushroomobserver.org/image/show_image/18259
Laetiporus sulphureus,50245,https://mushroomobserver.org/image/show_image/50245
Laetiporus sulphureus,56774,https://mushroomobserver.org/image/show_image/56774
Laetiporus sulphureus,351854,https://mushroomobserver.org/image/show_image/351854
Laetiporus sulphureus,370576,https://mushroomobserver.org/image/show_image/370576
Laetiporus sulphureus,498807,https://mushroomobserver.org/image/show_image/498807
Laetiporus sulphureus,547291,https://mushroomobserver.org/image/show_image/547291
Laetiporus sulphureus,550278,https://mushroomobserver.org/image/show_image/550278
Laetiporus sulphureus,575831,https://mushroomobserver.org/image/show_image/575831
Laetiporus sulphureus,629959,https://mushroomobserver.org/image/show_image/629959
Laetiporus sulphureus,669358,https://mushroomobserver.org/image/show_image/669358
Laetiporus sulphureus,774667,https://mushroomobserver.org/image/show_image/774667
Laetiporus sulphureus,901253,https://mushroomobserver.org/image/show_image/901253
Laetiporus sulphureus,939335,https://mushroomobserver.org/image/show_image/939335
Laetiporus sulphureus,1179654,https://mushroomobserver.org/image/show_image/1179654
Laetiporus sulphureus,1202068,https://mushroomobserver.org/image/show_image/1202068
Mycena haematopus,142565,https://mushroomobserver.org/image/show_image/142565
Mycena haematopus,237456,https://mushroomobserver.org/image/show_image/237456
Mycena haematopus,337683,https://mushroomobserver.org/image/show_image/337683
Mycena haematopus,343723,https://mushroomobserver.org/image/show_image/343723
Mycena haematopus,744380,https://mushroomobserver.org/image/show_image/744380
Mycena haematopus,952288,https://mushroomobserver.org/image/show_image/952288
Mycena haematopus,1047369,https://mushroomobserver.org/image/show_image/1047369
Mycena haematopus,1305351,https://mushroomobserver.org/image/show_image/1305351
Mycena haematopus,108465,https://mushroomobserver.org/image/show_image/108465
Mycena haematopus,183849,https://mushroomobserver.org/image/show_image/183849
Mycena haematopus,167008,https://mushroomobserver.org/image/show_image/167008
Mycena haematopus,170213,https://mushroomobserver.org/image/show_image/170213
Mycena haematopus,165037,https://mushroomobserver.org/image/show_image/165037
Mycena haematopus,183860,https://mushroomobserver.org/image/show_image/183860
Mycena haematopus,486642,https://mushroomobserver.org/image/show_image/486642
Mycena haematopus,520224,https://mushroomobserver.org/image/show_image/520224
Mycena haematopus,648740,https://mushroomobserver.org/image/show_image/648740
Mycena haematopus,123180,https://mushroomobserver.org/image/show_image/123180
Mycena haematopus,258109,https://mushroomobserver.org/image/show_image/258109
Mycena haematopus,12310,https://mushroomobserver.org/image/show_image/12310
Mycena haematopus,111113,https://mushroomobserver.org/image/show_image/111113
Mycena haematopus,198847,https://mushroomobserver.org/image/show_image/198847
Mycena haematopus,147260,https://mushroomobserver.org/image/show_image/147260
Mycena haematopus,148143,https://mushroomobserver.org/image/show_image/148143
Mycena haematopus,165429,https://mushroomobserver.org/image/show_image/165429
Mycena haematopus,167392,https://mushroomobserver.org/image/show_image/167392
Mycena haematopus,168476,https://mushroomobserver.org/image/show_image/168476
Mycena haematopus,172041,https://mushroomobserver.org/image/show_image/172041
Mycena haematopus,173350,https://mushroomobserver.org/image/show_image/173350
Mycena haematopus,175677,https://mushroomobserver.org/image/show_image/175677
Lycogala epidendrum,206311,https://mushroomobserver.org/image/show_image/206311
Lycogala epidendrum,388106,https://mushroomobserver.org/image/show_image/388106
Lycogala epidendrum,504265,https://mushroomobserver.org/image/show_image/504265
Lycogala epidendrum,611935,https://mushroomobserver.org/image/show_image/611935
Lycogala epidendrum,614779,https://mushroomobserver.org/image/show_image/614779
Lycogala epidendrum,832886,https://mushroomobserver.org/image/show_image/832886
Lycogala epidendrum,178566,https://mushroomobserver.org/image/show_image/178566
Lycogala epidendrum,33958,https://mushroomobserver.org/image/show_image/33958
Lycogala epidendrum,336172,https://mushroomobserver.org/image/show_image/336172
Lycogala epidendrum,578258,https://mushroomobserver.org/image/show_image/578258
Lycogala epidendrum,74657,https://mushroomobserver.org/image/show_image/74657
Lycogala epidendrum,89167,https://mushroomobserver.org/image/show_image/89167
Lycogala epidendrum,109537,https://mushroomobserver.org/image/show_image/109537
Lycogala epidendrum,171243,https://mushroomobserver.org/image/show_image/171243
Lycogala epidendrum,269678,https://mushroomobserver.org/image/show_image/269678
Lycogala epidendrum,295174,https://mushroomobserver.org/image/show_image/295174
Lycogala epidendrum,428035,https://mushroomobserver.org/image/show_image/428035
Lycogala epidendrum,556112,https://mushroomobserver.org/image/show_image/556112
Lycogala epidendrum,567033,https://mushroomobserver.org/image/show_image/567033
Lycogala epidendrum,576237,https://mushroomobserver.org/image/show_image/576237
Lycogala epidendrum,580065,https://mushroomobserver.org/image/show_image/580065
Lycogala epidendrum,616082,https://mushroomobserver.org/image/show_image/616082
Lycogala epidendrum,660101,https://mushroomobserver.org/image/show_image/660101
Lycogala epidendrum,830277,https://mushroomobserver.org/image/show_image/830277
Lycogala epidendrum,846025,https://mushroomobserver.org/image/show_image/846025
Lycogala epidendrum,1012984,https://mushroomobserver.org/image/show_image/1012984
Lycogala epidendrum,521502,https://mushroomobserver.org/image/show_image/521502
Lycogala epidendrum,521715,https://mushroomobserver.org/image/show_image/521715
Lycogala epidendrum,68835,https://mushroomobserver.org/image/show_image/68835
Lycogala epidendrum,87949,https://mushroomobserver.org/image/show_image/87949
Fuligo septica,501563,https://mushroomobserver.org/image/show_image/501563
Fuligo septica,748804,https://mushroomobserver.org/image/show_image/748804
Fuligo septica,1072150,https://mushroomobserver.org/image/show_image/1072150
Fuligo septica,751628,https://mushroomobserver.org/image/show_image/751628
Fuligo septica,836717,https://mushroomobserver.org/image/show_image/836717
Fuligo septica,45299,https://mushroomobserver.org/image/show_image/45299
Fuligo septica,93645,https://mushroomobserver.org/image/show_image/93645
Fuligo septica,97853,https://mushroomobserver.org/image/show_image/97853
Fuligo septica,165377,https://mushroomobserver.org/image/show_image/165377
Fuligo septica,340394,https://mushroomobserver.org/image/show_image/340394
Fuligo septica,348555,https://mushroomobserver.org/image/show_image/348555
Fuligo septica,365341,https://mushroomobserver.org/image/show_image/365341
Fuligo septica,408963,https://mushroomobserver.org/image/show_image/408963
Fuligo septica,420468,https://mushroomobserver.org/image/show_image/420468
Fuligo septica,425178,https://mushroomobserver.org/image/show_image/425178
Fuligo septica,450072,https://mushroomobserver.org/image/show_image/450072
Fuligo septica,557293,https://mushroomobserver.org/image/show_image/557293
Fuligo septica,716261,https://mushroomobserver.org/image/show_image/716261
Fuligo septica,734626,https://mushroomobserver.org/image/show_image/734626
Fuligo septica,777845,https://mushroomobserver.org/image/show_image/777845
Fuligo septica,819689,https://mushroomobserver.org/image/show_image/819689
Fuligo septica,915325,https://mushroomobserver.org/image/show_image/915325
Fuligo septica,1042116,https://mushroomobserver.org/image/show_image/1042116
Fuligo septica,1062648,https://mushroomobserver.org/image/show_image/1062648
Fuligo septica,17939,https://mushroomobserver.org/image/show_image/17939
Fuligo septica,884910,https://mushroomobserver.org/image/show_image/884910
Fuligo septica,6615,https://mushroomobserver.org/image/show_image/6615
Fuligo septica,12192,https://mushroomobserver.org/image/show_image/12192
Fuligo septica,13692,https://mushroomobserver.org/image/show_image/13692
Fuligo septica,14590,https://mushroomobserver.org/image/show_image/14590
Coprinellus micaceus,86526,https://mushroomobserver.org/image/show_image/86526
Coprinellus micaceus,107355,https://mushroomobserver.org/image/show_image/107355
Coprinellus micaceus,147237,https://mushroomobserver.org/image/show_image/147237
Coprinellus micaceus,160967,https://mushroomobserver.org/image/show_image/160967
Coprinellus micaceus,651463,https://mushroomobserver.org/image/show_image/651463
Coprinellus micaceus,1033436,https://mushroomobserver.org/image/show_image/1033436
Coprinellus micaceus,1034733,https://mushroomobserver.org/image/show_image/1034733
Coprinellus micaceus,1240008,https://mushroomobserver.org/image/show_image/1240008
Coprinellus micaceus,1312332,https://mushroomobserver.org/image/show_image/1312332
Coprinellus micaceus,507,https://mushroomobserver.org/image/show_image/507
Coprinellus micaceus,117863,https://mushroomobserver.org/image/show_image/117863
Coprinellus micaceus,135910,https://mushroomobserver.org/image/show_image/135910
Coprinellus micaceus,203230,https://mushroomobserver.org/image/show_image/203230
Coprinellus micaceus,750,https://mushroomobserver.org/image/show_image/750
Coprinellus micaceus,35005,https://mushroomobserver.org/image/show_image/35005
Coprinellus micaceus,41717,https://mushroomobserver.org/image/show_image/41717
Coprinellus micaceus,82909,https://mushroomobserver.org/image/show_image/82909
Coprinellus micaceus,88156,https://mushroomobserver.org/image/show_image/88156
Coprinellus micaceus,119508,https://mushroomobserver.org/image/show_image/119508
Coprinellus micaceus,123150,https://mushroomobserver.org/image/show_image/123150
Coprinellus micaceus,136401,https://mushroomobserver.org/image/show_image/136401
Coprinellus micaceus,174291,https://mushroomobserver.org/image/show_image/174291
Coprinellus micaceus,418591,https://mushroomobserver.org/image/show_image/418591
Coprinellus micaceus,588309,https://mushroomobserver.org/image/show_image/588309
Coprinellus micaceus,705152,https://mushroomobserver.org/image/show_image/705152
Coprinellus micaceus,866106,https://mushroomobserver.org/image/show_image/866106
Coprinellus micaceus,993648,https://mushroomobserver.org/image/show_image/993648
Coprinellus micaceus,1095749,https://mushroomobserver.org/image/show_image/1095749
Coprinellus micaceus,1161775,https://mushroomobserver.org/image/show_image/1161775
Coprinellus micaceus,1290896,https://mushroomobserver.org/image/show_image/1290896
Amanita muscaria subsp. flavivolvata,132748,https://mushroomobserver.org/image/show_image/132748
Amanita muscaria subsp. flavivolvata,230919,https://mushroomobserver.org/image/show_image/230919
Amanita muscaria subsp. flavivolvata,288363,https://mushroomobserver.org/image/show_image/288363
Amanita muscaria subsp. flavivolvata,290082,https://mushroomobserver.org/image/show_image/290082
Amanita muscaria subsp. flavivolvata,292775,https://mushroomobserver.org/image/show_image/292775
Amanita muscaria subsp. flavivolvata,378483,https://mushroomobserver.org/image/show_image/378483
Amanita muscaria subsp. flavivolvata,477678,https://mushroomobserver.org/image/show_image/477678
Amanita muscaria subsp. flavivolvata,498079,https://mushroomobserver.org/image/show_image/498079
Amanita muscaria subsp. flavivolvata,576875,https://mushroomobserver.org/image/show_image/576875
Amanita muscaria subsp. flavivolvata,585513,https://mushroomobserver.org/image/show_image/585513
Amanita muscaria subsp. flavivolvata,587396,https://mushroomobserver.org/image/show_image/587396
Amanita muscaria subsp. flavivolvata,657384,https://mushroomobserver.org/image/show_image/657384
Amanita muscaria subsp. flavivolvata,694019,https://mushroomobserver.org/image/show_image/694019
Amanita muscaria subsp. flavivolvata,705921,https://mushroomobserver.org/image/show_image/705921
Amanita muscaria subsp. flavivolvata,801273,https://mushroomobserver.org/image/show_image/801273
Amanita muscaria subsp. flavivolvata,835800,https://mushroomobserver.org/image/show_image/835800
Amanita muscaria subsp. flavivolvata,1129530,https://mushroomobserver.org/image/show_image/1129530
Amanita muscaria subsp. flavivolvata,1130455,https://mushroomobserver.org/image/show_image/1130455
Amanita muscaria subsp. flavivolvata,1276921,https://mushroomobserver.org/image/show_image/1276921
Amanita muscaria subsp. flavivolvata,1281917,https://mushroomobserver.org/image/show_image/1281917
Amanita muscaria subsp. flavivolvata,1282440,https://mushroomobserver.org/image/show_image/1282440
Amanita muscaria subsp. flavivolvata,1282448,https://mushroomobserver.org/image/show_image/1282448
Amanita muscaria subsp. flavivolvata,1313939,https://mushroomobserver.org/image/show_image/1313939
Amanita muscaria subsp. flavivolvata,286805,https://mushroomobserver.org/image/show_image/286805
Amanita muscaria subsp. flavivolvata,28036,https://mushroomobserver.org/image/show_image/28036
Amanita muscaria subsp. flavivolvata,132489,https://mushroomobserver.org/image/show_image/132489
Amanita muscaria subsp. flavivolvata,178591,https://mushroomobserver.org/image/show_image/178591
Amanita muscaria subsp. flavivolvata,279694,https://mushroomobserver.org/image/show_image/279694
Amanita muscaria subsp. flavivolvata,484574,https://mushroomobserver.org/image/show_image/484574
Amanita muscaria subsp. flavivolvata,627161,https://mushroomobserver.org/image/show_image/627161
Lycoperdon pyriforme,110659,https://mushroomobserver.org/image/show_image/110659
Lycoperdon pyriforme,414785,https://mushroomobserver.org/image/show_image/414785
Lycoperdon pyriforme,791641,https://mushroomobserver.org/image/show_image/791641
Lycoperdon pyriforme,945072,https://mushroomobserver.org/image/show_image/945072
Lycoperdon pyriforme,1098842,https://mushroomobserver.org/image/show_image/1098842
Lycoperdon pyriforme,115283,https://mushroomobserver.org/image/show_image/115283
Lycoperdon pyriforme,205857,https://mushroomobserver.org/image/show_image/205857
Lycoperdon pyriforme,110662,https://mushroomobserver.org/image/show_image/110662
Lycoperdon pyriforme,113371,https://mushroomobserver.org/image/show_image/113371
Lycoperdon pyriforme,117007,https://mushroomobserver.org/image/show_image/117007
Lycoperdon pyriforme,174610,https://mushroomobserver.org/image/show_image/174610
Lycoperdon pyriforme,459846,https://mushroomobserver.org/image/show_image/459846
Lycoperdon pyriforme,673537,https://mushroomobserver.org/image/show_image/673537
Lycoperdon pyriforme,676132,https://mushroomobserver.org/image/show_image/676132
Lycoperdon pyriforme,685498,https://mushroomobserver.org/image/show_image/685498
Lycoperdon pyriforme,777947,https://mushroomobserver.org/image/show_image/777947
Lycoperdon pyriforme,967925,https://mushroomobserver.org/image/show_image/967925
Lycoperdon pyriforme,1171212,https://mushroomobserver.org/image/show_image/1171212
Lycoperdon pyriforme,177670,https://mushroomobserver.org/image/show_image/177670
Lycoperdon pyriforme,270881,https://mushroomobserver.org/image/show_image/270881
Lycoperdon pyriforme,28853,https://mushroomobserver.org/image/show_image/28853
Lycoperdon pyriforme,38953,https://mushroomobserver.org/image/show_image/38953
Lycoperdon pyriforme,65055,https://mushroomobserver.org/image/show_image/65055
Lycoperdon pyriforme,69201,https://mushroomobserver.org/image/show_image/69201
Lycoperdon pyriforme,116274,https://mushroomobserver.org/image/show_image/116274
Lycoperdon pyriforme,171564,https://mushroomobserver.org/image/show_image/171564
Lycoperdon pyriforme,228253,https://mushroomobserver.org/image/show_image/228253
Lycoperdon pyriforme,258989,https://mushroomobserver.org/image/show_image/258989
Lycoperdon pyriforme,263292,https://mushroomobserver.org/image/show_image/263292
Lycoperdon pyriforme,281146,https://mushroomobserver.org/image/show_image/281146
Amanita phalloides,103894,https://mushroomobserver.org/image/show_image/103894
Amanita phalloides,112773,https://mushroomobserver.org/image/show_image/112773
Amanita phalloides,119293,https://mushroomobserver.org/image/show_image/119293
Amanita phalloides,168404,https://mushroomobserver.org/image/show_image/168404
Amanita phalloides,174147,https://mushroomobserver.org/image/show_image/174147
Amanita phalloides,174157,https://mushroomobserver.org/image/show_image/174157
Amanita phalloides,270394,https://mushroomobserver.org/image/show_image/270394
Amanita phalloides,277001,https://mushroomobserver.org/image/show_image/277001
Amanita phalloides,296909,https://mushroomobserver.org/image/show_image/296909
Amanita phalloides,316750,https://mushroomobserver.org/image/show_image/316750
Amanita phalloides,318078,https://mushroomobserver.org/image/show_image/318078
Amanita phalloides,372401,https://mushroomobserver.org/image/show_image/372401
Amanita phalloides,382016,https://mushroomobserver.org/image/show_image/382016
Amanita phalloides,443188,https://mushroomobserver.org/image/show_image/443188
Amanita phalloides,472880,https://mushroomobserver.org/image/show_image/472880
Amanita phalloides,472992,https://mushroomobserver.org/image/show_image/472992
Amanita phalloides,475267,https://mushroomobserver.org/image/show_image/475267
Amanita phalloides,488248,https://mushroomobserver.org/image/show_image/488248
Amanita phalloides,498475,https://mushroomobserver.org/image/show_image/498475
Amanita phalloides,559590,https://mushroomobserver.org/image/show_image/559590
Amanita phalloides,591344,https://mushroomobserver.org/image/show_image/591344
Amanita phalloides,592806,https://mushroomobserver.org/image/show_image/592806
Amanita phalloides,637384,https://mushroomobserver.org/image/show_image/637384
Amanita phalloides,691014,https://mushroomobserver.org/image/show_image/691014
Amanita phalloides,765146,https://mushroomobserver.org/image/show_image/765146
Amanita phalloides,917783,https://mushroomobserver.org/image/show_image/917783
Amanita phalloides,918410,https://mushroomobserver.org/image/show_image/918410
Amanita phalloides,1004108,https://mushroomobserver.org/image/show_image/1004108
Amanita phalloides,1058571,https://mushroomobserver.org/image/show_image/1058571
Amanita phalloides,1059722,https://mushroomobserver.org/image/show_image/1059722
Clitocybe nuda,720985,https://mushroomobserver.org/image/show_image/720985
Clitocybe nuda,711740,https://mushroomobserver.org/image/show_image/711740
Clitocybe nuda,1132167,https://mushroomobserver.org/image/show_image/1132167
Clitocybe nuda,267650,https://mushroomobserver.org/image/show_image/267650
Clitocybe nuda,837335,https://mushroomobserver.org/image/show_image/837335
Clitocybe nuda,138347,https://mushroomobserver.org/image/show_image/138347
Clitocybe nuda,583183,https://mushroomobserver.org/image/show_image/583183
Clitocybe nuda,723227,https://mushroomobserver.org/image/show_image/723227
Clitocybe nuda,620063,https://mushroomobserver.org/image/show_image/620063
Clitocybe nuda,60809,https://mushroomobserver.org/image/show_image/60809
Clitocybe nuda,69680,https://mushroomobserver.org/image/show_image/69680
Clitocybe nuda,70882,https://mushroomobserver.org/image/show_image/70882
Clitocybe nuda,72016,https://mushroomobserver.org/image/show_image/72016
Clitocybe nuda,73472,https://mushroomobserver.org/image/show_image/73472
Clitocybe nuda,88563,https://mushroomobserver.org/image/show_image/88563
Clitocybe nuda,120856,https://mushroomobserver.org/image/show_image/120856
Clitocybe nuda,125423,https://mushroomobserver.org/image/show_image/125423
Clitocybe nuda,128246,https://mushroomobserver.org/image/show_image/128246
Clitocybe nuda,129364,https://mushroomobserver.org/image/show_image/129364
Clitocybe nuda,132660,https://mushroomobserver.org/image/show_image/132660
Clitocybe nuda,136288,https://mushroomobserver.org/image/show_image/136288
Clitocybe nuda,199357,https://mushroomobserver.org/image/show_image/199357
Clitocybe nuda,561661,https://mushroomobserver.org/image/show_image/561661
Clitocybe nuda,564348,https://mushroomobserver.org/image/show_image/564348
Clitocybe nuda,564470,https://mushroomobserver.org/image/show_image/564470
Clitocybe nuda,590752,https://mushroomobserver.org/image/show_image/590752
Clitocybe nuda,594086,https://mushroomobserver.org/image/show_image/594086
Clitocybe nuda,703901,https://mushroomobserver.org/image/show_image/703901
Clitocybe nuda,712988,https://mushroomobserver.org/image/show_image/712988
Clitocybe nuda,713753,https://mushroomobserver.org/image/show_image/713753
Artomyces pyxidatus,528028,https://mushroomobserver.org/image/show_image/528028
Artomyces pyxidatus,753998,https://mushroomobserver.org/image/show_image/753998
Artomyces pyxidatus,49419,https://mushroomobserver.org/image/show_image/49419
Artomyces pyxidatus,334041,https://mushroomobserver.org/image/show_image/334041
Artomyces pyxidatus,550482,https://mushroomobserver.org/image/show_image/550482
Artomyces pyxidatus,624476,https://mushroomobserver.org/image/show_image/624476
Artomyces pyxidatus,85638,https://mushroomobserver.org/image/show_image/85638
Artomyces pyxidatus,151920,https://mushroomobserver.org/image/show_image/151920
Artomyces pyxidatus,150630,https://mushroomobserver.org/image/show_image/150630
Artomyces pyxidatus,45278,https://mushroomobserver.org/image/show_image/45278
Artomyces pyxidatus,86190,https://mushroomobserver.org/image/show_image/86190
Artomyces pyxidatus,98011,https://mushroomobserver.org/image/show_image/98011
Artomyces pyxidatus,133942,https://mushroomobserver.org/image/show_image/133942
Artomyces pyxidatus,146132,https://mushroomobserver.org/image/show_image/146132
Artomyces pyxidatus,152410,https://mushroomobserver.org/image/show_image/152410
Artomyces pyxidatus,172525,https://mushroomobserver.org/image/show_image/172525
Artomyces pyxidatus,218004,https://mushroomobserver.org/image/show_image/218004
Artomyces pyxidatus,221184,https://mushroomobserver.org/image/show_image/221184
Artomyces pyxidatus,245964,https://mushroomobserver.org/image/show_image/245964
Artomyces pyxidatus,248142,https://mushroomobserver.org/image/show_image/248142
Artomyces pyxidatus,335139,https://mushroomobserver.org/image/show_image/335139
Artomyces pyxidatus,423890,https://mushroomobserver.org/image/show_image/423890
Artomyces pyxidatus,427282,https://mushroomobserver.org/image/show_image/427282
Artomyces pyxidatus,428579,https://mushroomobserver.org/image/show_image/428579
Artomyces pyxidatus,520008,https://mushroomobserver.org/image/show_image/520008
Artomyces pyxidatus,524365,https://mushroomobserver.org/image/show_image/524365
Artomyces pyxidatus,525995,https://mushroomobserver.org/image/show_image/525995
Artomyces pyxidatus,526671,https://mushroomobserver.org/image/show_image/526671
Artomyces pyxidatus,530011,https://mushroomobserver.org/image/show_image/530011
Artomyces pyxidatus,530560,https://mushroomobserver.org/image/show_image/530560
Lepista nuda,191577,https://mushroomobserver.org/image/show_image/191577
Lepista nuda,398451,https://mushroomobserver.org/image/show_image/398451
Lepista nuda,807700,https://mushroomobserver.org/image/show_image/807700
Lepista nuda,830334,https://mushroomobserver.org/image/show_image/830334
Lepista nuda,1141280,https://mushroomobserver.org/image/show_image/1141280
Lepista nuda,43518,https://mushroomobserver.org/image/show_image/43518
Lepista nuda,125697,https://mushroomobserver.org/image/show_image/125697
Lepista nuda,1149147,https://mushroomobserver.org/image/show_image/1149147
Lepista nuda,1268050,https://mushroomobserver.org/image/show_image/1268050
Lepista nuda,574035,https://mushroomobserver.org/image/show_image/574035
Lepista nuda,28153,https://mushroomobserver.org/image/show_image/28153
Lepista nuda,60302,https://mushroomobserver.org/image/show_image/60302
Lepista nuda,293987,https://mushroomobserver.org/image/show_image/293987
Lepista nuda,382140,https://mushroomobserver.org/image/show_image/382140
Lepista nuda,499143,https://mushroomobserver.org/image/show_image/499143
Lepista nuda,565083,https://mushroomobserver.org/image/show_image/565083
Lepista nuda,567522,https://mushroomobserver.org/image/show_image/567522
Lepista nuda,568504,https://mushroomobserver.org/image/show_image/568504
Lepista nuda,576974,https://mushroomobserver.org/image/show_image/576974
Lepista nuda,804762,https://mushroomobserver.org/image/show_image/804762
Lepista nuda,808453,https://mushroomobserver.org/image/show_image/808453
Lepista nuda,1090536,https://mushroomobserver.org/image/show_image/1090536
Lepista nuda,69856,https://mushroomobserver.org/image/show_image/69856
Lepista nuda,969510,https://mushroomobserver.org/image/show_image/969510
Lepista nuda,70753,https://mushroomobserver.org/image/show_image/70753
Lepista nuda,107518,https://mushroomobserver.org/image/show_image/107518
Lepista nuda,111135,https://mushroomobserver.org/image/show_image/111135
Lepista nuda,182731,https://mushroomobserver.org/image/show_image/182731
Lepista nuda,183028,https://mushroomobserver.org/image/show_image/183028
Lepista nuda,214588,https://mushroomobserver.org/image/show_image/214588
Mycena leaiana,44951,https://mushroomobserver.org/image/show_image/44951
Mycena leaiana,217622,https://mushroomobserver.org/image/show_image/217622
Mycena leaiana,249149,https://mushroomobserver.org/image/show_image/249149
Mycena leaiana,423607,https://mushroomobserver.org/image/show_image/423607
Mycena leaiana,450177,https://mushroomobserver.org/image/show_image/450177
Mycena leaiana,527540,https://mushroomobserver.org/image/show_image/527540
Mycena leaiana,549940,https://mushroomobserver.org/image/show_image/549940
Mycena leaiana,567039,https://mushroomobserver.org/image/show_image/567039
Mycena leaiana,695203,https://mushroomobserver.org/image/show_image/695203
Mycena leaiana,739767,https://mushroomobserver.org/image/show_image/739767
Mycena leaiana,744094,https://mushroomobserver.org/image/show_image/744094
Mycena leaiana,777392,https://mushroomobserver.org/image/show_image/777392
Mycena leaiana,801121,https://mushroomobserver.org/image/show_image/801121
Mycena leaiana,1107322,https://mushroomobserver.org/image/show_image/1107322
Mycena leaiana,1188251,https://mushroomobserver.org/image/show_image/1188251
Mycena leaiana,107156,https://mushroomobserver.org/image/show_image/107156
Mycena leaiana,375305,https://mushroomobserver.org/image/show_image/375305
Mycena leaiana,524823,https://mushroomobserver.org/image/show_image/524823
Mycena leaiana,85894,https://mushroomobserver.org/image/show_image/85894
Mycena leaiana,108184,https://mushroomobserver.org/image/show_image/108184
Mycena leaiana,334054,https://mushroomobserver.org/image/show_image/334054
Mycena leaiana,14392,https://mushroomobserver.org/image/show_image/14392
Mycena leaiana,100922,https://mushroomobserver.org/image/show_image/100922
Mycena leaiana,103019,https://mushroomobserver.org/image/show_image/103019
Mycena leaiana,104376,https://mushroomobserver.org/image/show_image/104376
Mycena leaiana,104602,https://mushroomobserver.org/image/show_image/104602
Mycena leaiana,167392,https://mushroomobserver.org/image/show_image/167392
Mycena leaiana,250472,https://mushroomobserver.org/image/show_image/250472
Mycena leaiana,262686,https://mushroomobserver.org/image/show_image/262686
Mycena leaiana,265271,https://mushroomobserver.org/image/show_image/265271
Psathyrella candolleana,735750,https://mushroomobserver.org/image/show_image/735750
Psathyrella candolleana,721962,https://mushroomobserver.org/image/show_image/721962
Psathyrella candolleana,139392,https://mushroomobserver.org/image/show_image/139392
Psathyrella candolleana,153669,https://mushroomobserver.org/image/show_image/153669
Psathyrella candolleana,125340,https://mushroomobserver.org/image/show_image/125340
Psathyrella candolleana,132559,https://mushroomobserver.org/image/show_image/132559
Psathyrella candolleana,172434,https://mushroomobserver.org/image/show_image/172434
Psathyrella candolleana,223671,https://mushroomobserver.org/image/show_image/223671
Psathyrella candolleana,543686,https://mushroomobserver.org/image/show_image/543686
Psathyrella candolleana,788952,https://mushroomobserver.org/image/show_image/788952
Psathyrella candolleana,1091284,https://mushroomobserver.org/image/show_image/1091284
Psathyrella candolleana,595698,https://mushroomobserver.org/image/show_image/595698
Psathyrella candolleana,298643,https://mushroomobserver.org/image/show_image/298643
Psathyrella candolleana,39491,https://mushroomobserver.org/image/show_image/39491
Psathyrella candolleana,231129,https://mushroomobserver.org/image/show_image/231129
Psathyrella candolleana,232112,https://mushroomobserver.org/image/show_image/232112
Psathyrella candolleana,465509,https://mushroomobserver.org/image/show_image/465509
Psathyrella candolleana,1168117,https://mushroomobserver.org/image/show_image/1168117
Psathyrella candolleana,8314,https://mushroomobserver.org/image/show_image/8314
Psathyrella candolleana,15048,https://mushroomobserver.org/image/show_image/15048
Psathyrella candolleana,15734,https://mushroomobserver.org/image/show_image/15734
Psathyrella candolleana,15737,https://mushroomobserver.org/image/show_image/15737
Psathyrella candolleana,23759,https://mushroomobserver.org/image/show_image/23759
Psathyrella candolleana,51235,https://mushroomobserver.org/image/show_image/51235
Psathyrella candolleana,76247,https://mushroomobserver.org/image/show_image/76247
Psathyrella candolleana,81487,https://mushroomobserver.org/image/show_image/81487
Psathyrella candolleana,83663,https://mushroomobserver.org/image/show_image/83663
Psathyrella candolleana,115518,https://mushroomobserver.org/image/show_image/115518
Psathyrella candolleana,119036,https://mushroomobserver.org/image/show_image/119036
Psathyrella candolleana,138068,https://mushroomobserver.org/image/show_image/138068
Amanita flavoconia,430462,https://mushroomobserver.org/image/show_image/430462
Amanita flavoconia,599067,https://mushroomobserver.org/image/show_image/599067
Amanita flavoconia,1110749,https://mushroomobserver.org/image/show_image/1110749
Amanita flavoconia,1211626,https://mushroomobserver.org/image/show_image/1211626
Amanita flavoconia,89290,https://mushroomobserver.org/image/show_image/89290
Amanita flavoconia,153121,https://mushroomobserver.org/image/show_image/153121
Amanita flavoconia,533646,https://mushroomobserver.org/image/show_image/533646
Amanita flavoconia,48798,https://mushroomobserver.org/image/show_image/48798
Amanita flavoconia,91279,https://mushroomobserver.org/image/show_image/91279
Amanita flavoconia,232534,https://mushroomobserver.org/image/show_image/232534
Amanita flavoconia,340196,https://mushroomobserver.org/image/show_image/340196
Amanita flavoconia,354696,https://mushroomobserver.org/image/show_image/354696
Amanita flavoconia,431574,https://mushroomobserver.org/image/show_image/431574
Amanita flavoconia,445597,https://mushroomobserver.org/image/show_image/445597
Amanita flavoconia,642972,https://mushroomobserver.org/image/show_image/642972
Amanita flavoconia,648003,https://mushroomobserver.org/image/show_image/648003
Amanita flavoconia,772449,https://mushroomobserver.org/image/show_image/772449
Amanita flavoconia,88106,https://mushroomobserver.org/image/show_image/88106
Amanita flavoconia,345077,https://mushroomobserver.org/image/show_image/345077
Amanita flavoconia,89983,https://mushroomobserver.org/image/show_image/89983
Amanita flavoconia,52065,https://mushroomobserver.org/image/show_image/52065
Amanita flavoconia,83111,https://mushroomobserver.org/image/show_image/83111
Amanita flavoconia,152198,https://mushroomobserver.org/image/show_image/152198
Amanita flavoconia,245929,https://mushroomobserver.org/image/show_image/245929
Amanita flavoconia,870635,https://mushroomobserver.org/image/show_image/870635
Amanita flavoconia,17952,https://mushroomobserver.org/image/show_image/17952
Amanita flavoconia,18136,https://mushroomobserver.org/image/show_image/18136
Amanita flavoconia,21521,https://mushroomobserver.org/image/show_image/21521
Amanita flavoconia,50402,https://mushroomobserver.org/image/show_image/50402
Amanita flavoconia,50878,https://mushroomobserver.org/image/show_image/50878
Psilocybe cyanescens,65045,https://mushroomobserver.org/image/show_image/65045
Psilocybe cyanescens,76791,https://mushroomobserver.org/image/show_image/76791
Psilocybe cyanescens,116841,https://mushroomobserver.org/image/show_image/116841
Psilocybe cyanescens,117534,https://mushroomobserver.org/image/show_image/117534
Psilocybe cyanescens,122144,https://mushroomobserver.org/image/show_image/122144
Psilocybe cyanescens,125446,https://mushroomobserver.org/image/show_image/125446
Psilocybe cyanescens,125453,https://mushroomobserver.org/image/show_image/125453
Psilocybe cyanescens,126427,https://mushroomobserver.org/image/show_image/126427
Psilocybe cyanescens,182339,https://mushroomobserver.org/image/show_image/182339
Psilocybe cyanescens,187238,https://mushroomobserver.org/image/show_image/187238
Psilocybe cyanescens,187165,https://mushroomobserver.org/image/show_image/187165
Psilocybe cyanescens,188893,https://mushroomobserver.org/image/show_image/188893
Psilocybe cyanescens,275879,https://mushroomobserver.org/image/show_image/275879
Psilocybe cyanescens,290259,https://mushroomobserver.org/image/show_image/290259
Psilocybe cyanescens,290480,https://mushroomobserver.org/image/show_image/290480
Psilocybe cyanescens,374465,https://mushroomobserver.org/image/show_image/374465
Psilocybe cyanescens,375634,https://mushroomobserver.org/image/show_image/375634
Psilocybe cyanescens,377884,https://mushroomobserver.org/image/show_image/377884
Psilocybe cyanescens,378612,https://mushroomobserver.org/image/show_image/378612
Psilocybe cyanescens,379005,https://mushroomobserver.org/image/show_image/379005
Psilocybe cyanescens,379106,https://mushroomobserver.org/image/show_image/379106
Psilocybe cyanescens,383042,https://mushroomobserver.org/image/show_image/383042
Psilocybe cyanescens,383036,https://mushroomobserver.org/image/show_image/383036
Psilocybe cyanescens,383056,https://mushroomobserver.org/image/show_image/383056
Psilocybe cyanescens,462855,https://mushroomobserver.org/image/show_image/462855
Psilocybe cyanescens,478841,https://mushroomobserver.org/image/show_image/478841
Psilocybe cyanescens,471134,https://mushroomobserver.org/image/show_image/471134
Psilocybe cyanescens,478241,https://mushroomobserver.org/image/show_image/478241
Psilocybe cyanescens,487020,https://mushroomobserver.org/image/show_image/487020
Psilocybe cyanescens,495823,https://mushroomobserver.org/image/show_image/495823
Ceratiomyxa fruticulosa,88080,https://mushroomobserver.org/image/show_image/88080
Ceratiomyxa fruticulosa,158799,https://mushroomobserver.org/image/show_image/158799
Ceratiomyxa fruticulosa,222229,https://mushroomobserver.org/image/show_image/222229
Ceratiomyxa fruticulosa,231306,https://mushroomobserver.org/image/show_image/231306
Ceratiomyxa fruticulosa,245936,https://mushroomobserver.org/image/show_image/245936
Ceratiomyxa fruticulosa,259412,https://mushroomobserver.org/image/show_image/259412
Ceratiomyxa fruticulosa,339806,https://mushroomobserver.org/image/show_image/339806
Ceratiomyxa fruticulosa,414773,https://mushroomobserver.org/image/show_image/414773
Ceratiomyxa fruticulosa,507381,https://mushroomobserver.org/image/show_image/507381
Ceratiomyxa fruticulosa,507473,https://mushroomobserver.org/image/show_image/507473
Ceratiomyxa fruticulosa,594977,https://mushroomobserver.org/image/show_image/594977
Ceratiomyxa fruticulosa,623186,https://mushroomobserver.org/image/show_image/623186
Ceratiomyxa fruticulosa,715368,https://mushroomobserver.org/image/show_image/715368
Ceratiomyxa fruticulosa,828046,https://mushroomobserver.org/image/show_image/828046
Ceratiomyxa fruticulosa,1042873,https://mushroomobserver.org/image/show_image/1042873
Ceratiomyxa fruticulosa,1043175,https://mushroomobserver.org/image/show_image/1043175
Ceratiomyxa fruticulosa,629493,https://mushroomobserver.org/image/show_image/629493
Ceratiomyxa fruticulosa,641558,https://mushroomobserver.org/image/show_image/641558
Ceratiomyxa fruticulosa,30770,https://mushroomobserver.org/image/show_image/30770
Ceratiomyxa fruticulosa,149018,https://mushroomobserver.org/image/show_image/149018
Ceratiomyxa fruticulosa,221385,https://mushroomobserver.org/image/show_image/221385
Ceratiomyxa fruticulosa,229084,https://mushroomobserver.org/image/show_image/229084
Ceratiomyxa fruticulosa,229913,https://mushroomobserver.org/image/show_image/229913
Ceratiomyxa fruticulosa,337067,https://mushroomobserver.org/image/show_image/337067
Ceratiomyxa fruticulosa,346708,https://mushroomobserver.org/image/show_image/346708
Ceratiomyxa fruticulosa,409591,https://mushroomobserver.org/image/show_image/409591
Ceratiomyxa fruticulosa,877332,https://mushroomobserver.org/image/show_image/877332
Ceratiomyxa fruticulosa,1038882,https://mushroomobserver.org/image/show_image/1038882
Ceratiomyxa fruticulosa,1197000,https://mushroomobserver.org/image/show_image/1197000
Ceratiomyxa fruticulosa,14386,https://mushroomobserver.org/image/show_image/14386
Armillaria mellea,59255,https://mushroomobserver.org/image/show_image/59255
Armillaria mellea,668520,https://mushroomobserver.org/image/show_image/668520
Armillaria mellea,683728,https://mushroomobserver.org/image/show_image/683728
Armillaria mellea,585251,https://mushroomobserver.org/image/show_image/585251
Armillaria mellea,27554,https://mushroomobserver.org/image/show_image/27554
Armillaria mellea,104906,https://mushroomobserver.org/image/show_image/104906
Armillaria mellea,107882,https://mushroomobserver.org/image/show_image/107882
Armillaria mellea,111833,https://mushroomobserver.org/image/show_image/111833
Armillaria mellea,119029,https://mushroomobserver.org/image/show_image/119029
Armillaria mellea,167869,https://mushroomobserver.org/image/show_image/167869
Armillaria mellea,214121,https://mushroomobserver.org/image/show_image/214121
Armillaria mellea,258175,https://mushroomobserver.org/image/show_image/258175
Armillaria mellea,264479,https://mushroomobserver.org/image/show_image/264479
Armillaria mellea,296359,https://mushroomobserver.org/image/show_image/296359
Armillaria mellea,362086,https://mushroomobserver.org/image/show_image/362086
Armillaria mellea,385041,https://mushroomobserver.org/image/show_image/385041
Armillaria mellea,585313,https://mushroomobserver.org/image/show_image/585313
Armillaria mellea,585322,https://mushroomobserver.org/image/show_image/585322
Armillaria mellea,664803,https://mushroomobserver.org/image/show_image/664803
Armillaria mellea,779617,https://mushroomobserver.org/image/show_image/779617
Armillaria mellea,798958,https://mushroomobserver.org/image/show_image/798958
Armillaria mellea,801111,https://mushroomobserver.org/image/show_image/801111
Armillaria mellea,1094231,https://mushroomobserver.org/image/show_image/1094231
Armillaria mellea,1095909,https://mushroomobserver.org/image/show_image/1095909
Armillaria mellea,1096232,https://mushroomobserver.org/image/show_image/1096232
Armillaria mellea,1096247,https://mushroomobserver.org/image/show_image/1096247
Armillaria mellea,214117,https://mushroomobserver.org/image/show_image/214117
Armillaria mellea,8664,https://mushroomobserver.org/image/show_image/8664
Armillaria mellea,21309,https://mushroomobserver.org/image/show_image/21309
Armillaria mellea,262794,https://mushroomobserver.org/image/show_image/262794
Pleurotus pulmonarius,448072,https://mushroomobserver.org/image/show_image/448072
Pleurotus pulmonarius,581976,https://mushroomobserver.org/image/show_image/581976
Pleurotus pulmonarius,627206,https://mushroomobserver.org/image/show_image/627206
Pleurotus pulmonarius,735329,https://mushroomobserver.org/image/show_image/735329
Pleurotus pulmonarius,946691,https://mushroomobserver.org/image/show_image/946691
Pleurotus pulmonarius,312764,https://mushroomobserver.org/image/show_image/312764
Pleurotus pulmonarius,145970,https://mushroomobserver.org/image/show_image/145970
Pleurotus pulmonarius,249225,https://mushroomobserver.org/image/show_image/249225
Pleurotus pulmonarius,633827,https://mushroomobserver.org/image/show_image/633827
Pleurotus pulmonarius,637471,https://mushroomobserver.org/image/show_image/637471
Pleurotus pulmonarius,641164,https://mushroomobserver.org/image/show_image/641164
Pleurotus pulmonarius,798945,https://mushroomobserver.org/image/show_image/798945
Pleurotus pulmonarius,979068,https://mushroomobserver.org/image/show_image/979068
Pleurotus pulmonarius,1129257,https://mushroomobserver.org/image/show_image/1129257
Pleurotus pulmonarius,12277,https://mushroomobserver.org/image/show_image/12277
Pleurotus pulmonarius,25318,https://mushroomobserver.org/image/show_image/25318
Pleurotus pulmonarius,150344,https://mushroomobserver.org/image/show_image/150344
Pleurotus pulmonarius,798777,https://mushroomobserver.org/image/show_image/798777
Pleurotus pulmonarius,19228,https://mushroomobserver.org/image/show_image/19228
Pleurotus pulmonarius,779494,https://mushroomobserver.org/image/show_image/779494
Pleurotus pulmonarius,11977,https://mushroomobserver.org/image/show_image/11977
Pleurotus pulmonarius,12639,https://mushroomobserver.org/image/show_image/12639
Pleurotus pulmonarius,32832,https://mushroomobserver.org/image/show_image/32832
Pleurotus pulmonarius,34214,https://mushroomobserver.org/image/show_image/34214
Pleurotus pulmonarius,54425,https://mushroomobserver.org/image/show_image/54425
Pleurotus pulmonarius,55219,https://mushroomobserver.org/image/show_image/55219
Pleurotus pulmonarius,70063,https://mushroomobserver.org/image/show_image/70063
Pleurotus pulmonarius,87660,https://mushroomobserver.org/image/show_image/87660
Pleurotus pulmonarius,168621,https://mushroomobserver.org/image/show_image/168621
Pleurotus pulmonarius,232347,https://mushroomobserver.org/image/show_image/232347
Flammulina velutipes,183562,https://mushroomobserver.org/image/show_image/183562
Flammulina velutipes,335114,https://mushroomobserver.org/image/show_image/335114
Flammulina velutipes,494960,https://mushroomobserver.org/image/show_image/494960
Flammulina velutipes,993631,https://mushroomobserver.org/image/show_image/993631
Flammulina velutipes,1261029,https://mushroomobserver.org/image/show_image/1261029
Flammulina velutipes,135796,https://mushroomobserver.org/image/show_image/135796
Flammulina velutipes,269696,https://mushroomobserver.org/image/show_image/269696
Flammulina velutipes,180752,https://mushroomobserver.org/image/show_image/180752
Flammulina velutipes,141830,https://mushroomobserver.org/image/show_image/141830
Flammulina velutipes,83161,https://mushroomobserver.org/image/show_image/83161
Flammulina velutipes,65017,https://mushroomobserver.org/image/show_image/65017
Flammulina velutipes,116405,https://mushroomobserver.org/image/show_image/116405
Flammulina velutipes,122410,https://mushroomobserver.org/image/show_image/122410
Flammulina velutipes,145204,https://mushroomobserver.org/image/show_image/145204
Flammulina velutipes,291621,https://mushroomobserver.org/image/show_image/291621
Flammulina velutipes,389440,https://mushroomobserver.org/image/show_image/389440
Flammulina velutipes,414539,https://mushroomobserver.org/image/show_image/414539
Flammulina velutipes,497474,https://mushroomobserver.org/image/show_image/497474
Flammulina velutipes,568895,https://mushroomobserver.org/image/show_image/568895
Flammulina velutipes,589970,https://mushroomobserver.org/image/show_image/589970
Flammulina velutipes,678679,https://mushroomobserver.org/image/show_image/678679
Flammulina velutipes,801560,https://mushroomobserver.org/image/show_image/801560
Flammulina velutipes,809311,https://mushroomobserver.org/image/show_image/809311
Flammulina velutipes,815336,https://mushroomobserver.org/image/show_image/815336
Flammulina velutipes,816673,https://mushroomobserver.org/image/show_image/816673
Flammulina velutipes,1298235,https://mushroomobserver.org/image/show_image/1298235
Flammulina velutipes,129967,https://mushroomobserver.org/image/show_image/129967
Flammulina velutipes,141067,https://mushroomobserver.org/image/show_image/141067
Flammulina velutipes,32731,https://mushroomobserver.org/image/show_image/32731
Flammulina velutipes,151834,https://mushroomobserver.org/image/show_image/151834